FirstName,LastName,Email,Phone,Gender,Status,Profile,Location,DateCreated,DateUpdated
Ravi,kumar,pujan@gmail.com,8888777766,Male,Active,image-1673084564328.boy.jpg,DElhi,Mon Jan 02 2023 08:20:22 GMT+0530 (India Standard Time),Sat Jan 07 2023 03:13:14 GMT+0530 (India Standard Time)
deepak,Kumar,Deepak@gmail.com,9999900000,Female,Active,image-1673089563396.boy.jpg,HR,Sat Jan 07 2023 04:36:03 GMT+0530 (India Standard Time),-
Vijay,Kumar,Vijay04@gmail.com,9888889999,Male,Active,image-1673089608324.bg1.png,Punjab,Sat Jan 07 2023 04:36:48 GMT+0530 (India Standard Time),-
Sahil,Solanki,SahilKumar@gmail.com,7777788888,Female,InActive,image-1673089720130.bg1.png,HR,Sat Jan 07 2023 04:38:40 GMT+0530 (India Standard Time),Sat Jan 07 2023 06:08:52 GMT+0530 (India Standard Time)
Vishal,Chuitya,Chuitya@gmail.com,8888899999,Female,InActive,image-1673089774851.mario.png,Delhi,Sat Jan 07 2023 04:39:34 GMT+0530 (India Standard Time),Sat Jan 07 2023 06:08:37 GMT+0530 (India Standard Time)
Vipin,Solanki,Vipin@gmail.com,8787878787,Female,Active,image-1673173762979.dove.png,Pune,Sun Jan 08 2023 03:59:00 GMT+0530 (India Standard Time),Sun Jan 08 2023 03:59:22 GMT+0530 (India Standard Time)
Nishant,Kumar,Nishant@gmail.com,7897897868,Female,InActive,image-1673175308393.cool.jpg,Punjab,Sun Jan 08 2023 04:25:08 GMT+0530 (India Standard Time),-
Jitin,Kumar,Jitin@gmail.com,8978978990,Male,InActive,image-1673176357093.skull.jpg,Delhi,Sun Jan 08 2023 04:42:37 GMT+0530 (India Standard Time),-
Nitin,keyy,Kerr@gmail.com,1234512345,Male,InActive,image-1673178917060.dove.png,delhi,Sun Jan 08 2023 05:25:17 GMT+0530 (India Standard Time),-